01/02/92,5.5625,5.5625,5.4375,5.5625,167600.0,0
01/03/92,5.5625,5.6875,5.5625,5.625,279600.0,0
01/06/92,5.625,5.6875,5.4375,5.6875,340400.0,0
01/07/92,5.6875,5.75,5.6875,5.6875,312200.0,0
01/08/92,5.6875,5.875,5.625,5.875,351400.0,0
01/09/92,5.875,6.25,5.875,6.125,451000.0,0
01/10/92,6.125,6.1875,5.9375,6.0625,166600.0,0
01/13/92,6.0625,6.25,6.0625,6.25,151200.0,0
01/14/92,6.25,6.5625,6.25,6.5,518400.0,0
01/15/92,6.5625,6.8125,6.5625,6.6875,1036400.0,0
01/16/92,6.6875,6.6875,6.4375,6.625,551800.0,0
01/17/92,6.625,6.6875,6.5,6.6875,162200.0,0
01/20/92,6.6875,6.75,6.5625,6.75,209600.0,0
01/21/92,6.75,6.75,6.5625,6.6875,229800.0,0
01/22/92,6.6875,6.6875,6.625,6.6875,194200.0,0
01/23/92,6.6875,6.75,6.625,6.6875,171000.0,0
01/24/92,6.6875,6.6875,6.625,6.625,209600.0,0
01/27/92,6.625,6.625,6.4375,6.4375,234600.0,0
01/28/92,6.4375,6.625,6.4375,6.4375,153200.0,0
01/29/92,6.4375,6.625,6.4375,6.5,324400.0,0
01/30/92,6.5,6.6875,6.5,6.5,266200.0,0
01/31/92,6.5,6.5625,6.5,6.5625,100200.0,0
02/03/92,6.5625,6.6875,6.5,6.6875,341000.0,0
02/04/92,6.6875,6.75,6.5625,6.6875,77200.0,0
02/05/92,6.6875,6.75,6.625,6.75,180000.0,0
02/06/92,6.75,6.75,6.625,6.625,141800.0,0
02/07/92,6.6875,6.75,6.6875,6.75,121600.0,0
02/10/92,6.8125,6.9375,6.8125,6.9375,314000.0,0
02/11/92,6.9375,6.9375,6.75,6.8125,220200.0,0
02/12/92,6.8125,6.9375,6.8125,6.8125,355400.0,0
02/13/92,6.8125,6.8125,6.5,6.5625,153600.0,0
02/14/92,6.5625,6.5625,6.4375,6.5625,187400.0,0
02/18/92,6.5625,6.5625,6.25,6.4375,182800.0,0
02/19/92,6.4375,6.4375,6.3125,6.3125,220400.0,0
02/20/92,6.3125,6.375,6.25,6.375,89800.0,0
02/21/92,6.375,6.375,6.25,6.375,106000.0,0
02/24/92,6.375,6.375,6.25,6.3125,253000.0,0
02/25/92,6.3125,6.375,6.25,6.375,234000.0,0
02/26/92,6.375,6.375,6.3125,6.3125,63800.0,0
02/27/92,6.3125,6.4375,6.3125,6.4375,165400.0,0
02/28/92,6.4375,6.6875,6.4375,6.5625,673400.0,0
03/02/92,6.5625,6.625,6.4375,6.5,186200.0,0
03/03/92,6.5,6.5625,6.4375,6.5625,412000.0,0
03/04/92,6.5625,6.5625,6.375,6.4375,491800.0,0
03/05/92,6.4375,6.5,6.3125,6.3125,206600.0,0
03/06/92,6.3125,6.375,6.25,6.375,133000.0,0
03/09/92,6.375,6.375,6.25,6.3125,74400.0,0
03/10/92,6.3125,6.3125,6.25,6.3125,55600.0,0
03/11/92,6.3125,6.3125,6.1875,6.1875,188200.0,0
03/12/92,6.1875,6.25,6.125,6.125,158800.0,0
03/13/92,6.125,6.1875,6.125,6.1875,12000.0,0
03/16/92,6.1875,6.25,6.0625,6.0625,60600.0,0
03/17/92,6.0625,6.1875,6.0625,6.1875,57200.0,0
03/18/92,6.1875,6.1875,5.9375,5.9375,164200.0,0
03/19/92,5.9375,6.0,5.9375,6.0,51400.0,0
03/20/92,6.0,6.4375,6.0,6.375,286000.0,0
03/23/92,6.375,6.5,6.375,6.4375,128200.0,0
03/24/92,6.4375,6.5,6.375,6.375,158600.0,0
03/25/92,6.375,6.4375,6.3125,6.375,48600.0,0
03/26/92,6.375,6.375,6.3125,6.375,59000.0,0
03/27/92,6.375,6.375,6.125,6.1875,144600.0,0
03/30/92,6.1875,6.25,6.0,6.0,164800.0,0
03/31/92,6.0,6.0,5.875,5.875,216000.0,0
04/01/92,5.875,5.875,5.5625,5.625,202800.0,0
04/02/92,5.625,5.8125,5.625,5.6875,65000.0,0
04/03/92,5.6875,5.75,5.4375,5.625,220400.0,0
04/06/92,5.625,5.625,5.5,5.625,71800.0,0
04/07/92,5.625,5.6875,5.375,5.4375,106200.0,0
04/08/92,5.4375,5.4375,5.0625,5.25,258600.0,0
04/09/92,5.25,5.6875,5.25,5.625,126800.0,0
04/10/92,5.625,5.75,5.5,5.6875,108000.0,0
04/13/92,5.6875,5.75,5.625,5.625,83200.0,0
04/14/92,5.6875,5.875,5.6875,5.8125,231400.0,0
04/15/92,5.875,6.125,5.875,6.0,217000.0,0
04/16/92,6.0,6.0,5.75,5.75,295600.0,0
04/20/92,5.8125,5.9375,5.8125,5.875,90800.0,0
04/21/92,5.875,5.875,5.75,5.875,16200.0,0
04/22/92,5.875,5.875,5.6875,5.8125,46000.0,0
04/23/92,5.8125,5.8125,5.625,5.8125,38600.0,0
04/24/92,5.8125,5.875,5.75,5.8125,22600.0,0
04/27/92,5.8125,5.8125,5.6875,5.75,235600.0,0
04/28/92,5.75,5.75,5.6875,5.75,603800.0,0
04/29/92,5.75,5.9375,5.75,5.9375,445400.0,0
04/30/92,5.9375,6.0,5.875,5.9375,71800.0,0
05/01/92,5.9375,6.0,5.875,5.9375,77600.0,0
05/04/92,5.9375,5.9375,5.8125,5.9375,130400.0,0
05/05/92,6.0,6.1875,6.0,6.0625,615600.0,0
05/06/92,6.0625,6.125,6.0,6.0625,414000.0,0
05/07/92,6.0625,6.125,5.875,5.875,92200.0,0
05/08/92,5.875,6.0625,5.875,6.0625,555200.0,0
05/11/92,6.125,6.4375,6.125,6.3125,141000.0,0
05/12/92,6.3125,6.375,6.25,6.25,156600.0,0
05/13/92,6.25,6.375,6.1875,6.3125,357800.0,0
05/14/92,6.3125,6.3125,6.125,6.125,95000.0,0
05/15/92,6.125,6.25,6.125,6.1875,49000.0,0
05/18/92,6.1875,6.3125,6.1875,6.25,22600.0,0
05/19/92,6.25,6.3125,6.25,6.3125,59400.0,0
05/20/92,6.3125,6.5,6.3125,6.4375,83200.0,0
05/21/92,6.4375,6.5,6.4375,6.5,35600.0,0
05/22/92,6.5,6.625,6.4375,6.625,200200.0,0
05/26/92,6.6875,6.75,6.6875,6.6875,73000.0,0
05/27/92,6.6875,6.75,6.6875,6.6875,64800.0,0
05/28/92,6.6875,6.6875,6.5,6.5,52000.0,0
05/29/92,6.5625,6.6875,6.5625,6.625,81800.0,0
06/01/92,6.625,6.6875,6.5625,6.625,28400.0,0
06/02/92,6.625,6.6875,6.5625,6.625,191600.0,0
06/03/92,6.625,6.8125,6.625,6.75,91600.0,0
06/04/92,6.75,6.875,6.6875,6.8125,145200.0,0
06/05/92,6.8125,6.875,6.8125,6.8125,61600.0,0
06/08/92,6.8125,6.8125,6.6875,6.6875,145600.0,0
06/09/92,6.6875,6.8125,6.625,6.625,48000.0,0
06/10/92,6.625,6.625,6.5,6.5,267000.0,0
06/11/92,6.5,6.5625,6.3125,6.375,92200.0,0
06/12/92,6.375,6.375,6.0,6.0625,45200.0,0
06/15/92,6.0625,6.125,6.0,6.125,31800.0,0
06/16/92,6.125,6.125,5.875,5.9375,329200.0,0
06/17/92,5.9375,5.9375,5.6875,5.6875,176000.0,0
06/18/92,5.6875,5.8125,5.6875,5.8125,76200.0,0
06/19/92,5.8125,5.9375,5.8125,5.875,25800.0,0
06/22/92,5.9375,6.0,5.9375,5.9375,102200.0,0
06/23/92,5.9375,6.0,5.9375,5.9375,74600.0,0
06/24/92,6.0,6.125,6.0,6.125,73400.0,0
06/25/92,6.125,6.25,6.0625,6.25,53400.0,0
06/26/92,6.25,6.25,6.125,6.1875,23400.0,0
06/29/92,6.1875,6.25,6.1875,6.1875,11400.0,0
06/30/92,6.1875,6.25,6.1875,6.25,17000.0,0
07/01/92,6.25,6.3125,6.1875,6.3125,36400.0,0
07/02/92,6.3125,6.3125,6.1875,6.3125,26000.0,0
07/06/92,6.3125,6.3125,6.1875,6.25,118400.0,0
07/07/92,6.25,6.25,6.1875,6.1875,13000.0,0
07/08/92,6.1875,6.1875,6.125,6.1875,25600.0,0
07/09/92,6.1875,6.1875,6.0,6.0625,156000.0,0
07/10/92,6.125,6.1875,6.125,6.125,48400.0,0
07/13/92,6.1875,6.25,6.1875,6.1875,3200.0,0
07/14/92,6.1875,6.1875,6.0625,6.125,5800.0,0
07/15/92,6.125,6.1875,6.125,6.125,52200.0,0
07/16/92,6.125,6.25,6.125,6.125,10200.0,0
07/17/92,6.1875,6.25,6.1875,6.25,33000.0,0
07/20/92,6.25,6.25,6.0,6.0,101600.0,0
07/21/92,6.0,6.0,5.8125,5.8125,40000.0,0
07/22/92,5.8125,5.8125,5.6875,5.75,64400.0,0
07/23/92,5.75,5.9375,5.75,5.75,45000.0,0
07/24/92,5.75,5.75,5.5,5.625,187800.0,0
07/27/92,5.625,5.625,5.4375,5.5625,163800.0,0
07/28/92,5.5625,5.6875,5.5,5.625,116600.0,0
07/29/92,5.625,5.75,5.625,5.75,60000.0,0
07/30/92,5.75,5.875,5.75,5.875,70400.0,0
07/31/92,5.875,6.0,5.875,5.9375,105000.0,0
08/03/92,6.0,6.0625,6.0,6.0,77400.0,0
08/04/92,6.0625,6.125,6.0625,6.125,30600.0,0
08/05/92,6.125,6.125,6.0625,6.125,55800.0,0
08/06/92,6.125,6.125,6.0,6.0625,125600.0,0
08/07/92,6.0625,6.0625,5.9375,6.0,1019600.0,0
08/10/92,6.0,6.0,5.8125,5.875,68200.0,0
08/11/92,5.875,5.875,5.4375,5.5,292400.0,0
08/12/92,5.5,5.5,5.25,5.3125,985200.0,0
08/13/92,5.3125,5.375,5.1875,5.375,681000.0,0
08/14/92,5.375,5.4375,5.25,5.375,151400.0,0
08/17/92,5.375,5.375,5.3125,5.375,159200.0,0
08/18/92,5.375,5.4375,5.25,5.25,471200.0,0
08/19/92,5.25,5.3125,5.1875,5.25,80800.0,0
08/20/92,5.25,5.25,5.0625,5.125,136800.0,0
08/21/92,5.125,5.1875,5.125,5.1875,189200.0,0
08/24/92,5.1875,5.1875,5.0625,5.125,11200.0,0
08/25/92,5.125,5.125,4.875,5.0,43800.0,0
08/26/92,5.0,5.0625,5.0,5.0,245400.0,0
08/27/92,5.0,5.0625,5.0,5.0,325800.0,0
08/28/92,5.0,5.0625,4.9375,5.0,182200.0,0
08/31/92,5.0,5.0625,5.0,5.0625,115000.0,0
09/01/92,5.0625,5.125,5.0,5.125,102400.0,0
09/02/92,5.125,5.1875,5.125,5.125,41600.0,0
09/03/92,5.1875,5.4375,5.1875,5.3125,205800.0,0
09/04/92,5.3125,5.4375,5.3125,5.375,38200.0,0
09/08/92,5.375,5.375,5.25,5.25,16000.0,0
09/09/92,5.25,5.3125,5.1875,5.25,18400.0,0
09/10/92,5.25,5.25,5.125,5.125,154600.0,0
09/11/92,5.125,5.25,5.125,5.1875,77000.0,0
09/14/92,5.1875,5.25,5.1875,5.1875,414000.0,0
09/15/92,5.1875,5.25,5.125,5.1875,255000.0,0
09/16/92,5.1875,5.375,5.0,5.375,232400.0,0
09/17/92,5.375,5.5625,5.375,5.375,161200.0,0
09/18/92,5.375,5.375,5.125,5.25,348000.0,0
09/21/92,5.25,5.25,5.125,5.1875,257200.0,0
09/22/92,5.1875,5.1875,5.0625,5.0625,179200.0,0
09/23/92,5.0625,5.1875,4.9375,5.0,678200.0,0
09/24/92,5.0,5.0625,4.875,4.9375,182400.0,0
09/25/92,4.9375,5.0,4.75,4.875,91800.0,0
09/28/92,4.875,5.0625,4.875,5.0,164400.0,0
09/29/92,5.0,5.125,5.0,5.0625,273000.0,0
09/30/92,5.0625,5.0625,4.875,5.0,71800.0,0
10/01/92,5.0,5.0625,4.875,4.875,103200.0,0
10/02/92,4.875,5.0,4.875,5.0,59200.0,0
10/05/92,5.0,5.0,4.75,4.875,68200.0,0
10/06/92,4.875,4.9375,4.875,4.875,76800.0,0
10/07/92,4.875,4.9375,4.875,4.875,69600.0,0
10/08/92,4.875,4.875,4.6875,4.8125,154000.0,0
10/09/92,4.8125,4.8125,4.75,4.75,212800.0,0
10/12/92,4.75,4.875,4.6875,4.8125,208600.0,0
10/13/92,4.8125,4.8125,4.625,4.75,326600.0,0
10/14/92,4.75,4.8125,4.625,4.8125,228800.0,0
10/15/92,4.875,5.0,4.875,5.0,115000.0,0
10/16/92,5.0,5.0,4.5,4.625,483400.0,0
10/19/92,4.625,4.625,4.3125,4.375,115800.0,0
10/20/92,4.4375,4.5,4.4375,4.5,380400.0,0
10/21/92,4.5,4.5625,4.4375,4.5625,304400.0,0
10/22/92,4.5625,4.6875,4.5625,4.625,153000.0,0
10/23/92,4.625,4.8125,4.625,4.8125,53200.0,0
10/26/92,4.8125,4.8125,4.6875,4.75,370800.0,0
10/27/92,4.75,4.8125,4.6875,4.75,173800.0,0
10/28/92,4.75,4.75,4.6875,4.6875,28200.0,0
10/29/92,4.6875,4.875,4.6875,4.875,95200.0,0
10/30/92,4.875,5.375,4.875,5.3125,331600.0,0
11/02/92,5.25,5.25,5.0625,5.25,140200.0,0
11/03/92,5.25,5.3125,5.1875,5.3125,115000.0,0
11/04/92,5.1875,5.25,5.1875,5.25,29200.0,0
11/05/92,5.25,5.375,5.25,5.375,256600.0,0
11/06/92,5.375,5.375,5.3125,5.3125,114200.0,0
11/09/92,5.3125,5.4375,5.3125,5.3125,72600.0,0
11/10/92,5.3125,5.4375,5.3125,5.375,51400.0,0
11/11/92,5.4375,5.5,5.375,5.5,107800.0,0
11/12/92,5.625,5.6875,5.5,5.5,126000.0,0
11/13/92,5.5625,5.5625,5.375,5.5,168400.0,0
11/16/92,5.5,5.5,5.25,5.3125,67200.0,0
11/17/92,5.25,5.3125,5.1875,5.3125,116400.0,0
11/18/92,5.25,5.3125,5.1875,5.25,15200.0,0
11/19/92,5.3125,5.4375,5.3125,5.375,117800.0,0
11/20/92,5.3125,5.4375,5.3125,5.3125,106200.0,0
11/23/92,5.375,5.375,5.25,5.25,17600.0,0
11/24/92,5.3125,5.4375,5.25,5.4375,166200.0,0
11/25/92,5.4375,5.4375,5.3125,5.375,76000.0,0
11/27/92,5.3125,5.375,5.3125,5.3125,60000.0,0
11/30/92,5.375,5.4375,5.3125,5.375,40000.0,0
12/01/92,5.3125,5.4375,5.25,5.25,64600.0,0
12/02/92,5.4375,5.4375,5.25,5.3125,162000.0,0
12/03/92,5.3125,5.375,5.3125,5.3125,98400.0,0
12/04/92,5.1875,5.375,5.1875,5.375,40600.0,0
12/07/92,5.3125,5.375,5.3125,5.3125,24200.0,0
12/08/92,5.3125,5.375,5.3125,5.375,25800.0,0
12/09/92,5.3125,5.3125,5.125,5.1875,51000.0,0
12/10/92,5.25,5.25,5.0625,5.25,64000.0,0
12/11/92,5.25,5.25,5.125,5.125,22800.0,0
12/14/92,5.0625,5.1875,5.0625,5.125,45600.0,0
12/15/92,5.1875,5.1875,5.125,5.1875,21000.0,0
12/16/92,5.1875,5.25,5.1875,5.1875,37400.0,0
12/17/92,5.25,5.25,5.1875,5.1875,210200.0,0
12/18/92,5.1875,5.3125,5.1875,5.1875,233600.0,0
12/21/92,5.25,5.25,5.1875,5.1875,148800.0,0
12/22/92,5.25,5.25,5.0,5.0,318600.0,0
12/23/92,5.0625,5.0625,5.0,5.0,42400.0,0
12/24/92,4.9375,4.9375,4.875,4.875,45800.0,0
12/28/92,5.0,5.0,4.875,4.875,52800.0,0
12/29/92,5.0,5.125,4.9375,4.9375,48600.0,0
12/30/92,5.0,5.0625,4.9375,5.0,31600.0,0
12/31/92,5.0,5.25,5.0,5.125,102600.0,0
01/04/93,5.1875,5.3125,5.1875,5.25,101000.0,0
01/05/93,5.3125,5.375,5.25,5.25,174800.0,0
01/06/93,5.25,5.3125,5.1875,5.3125,90400.0,0
01/07/93,5.25,5.25,5.125,5.125,15000.0,0
01/08/93,5.1875,5.25,5.125,5.1875,33000.0,0
01/11/93,5.25,5.25,5.125,5.125,24400.0,0
01/12/93,5.125,5.125,5.0625,5.125,33800.0,0
01/13/93,5.0625,5.25,5.0,5.0,29800.0,0
01/14/93,5.125,5.1875,5.0625,5.1875,18400.0,0
01/15/93,5.0625,5.25,5.0625,5.25,20600.0,0
01/18/93,5.1875,5.1875,5.125,5.125,39000.0,0
01/19/93,5.0625,5.0625,5.0,5.0625,146400.0,0
01/20/93,5.0625,5.125,5.0,5.0,149800.0,0
01/21/93,5.0,5.0625,4.9375,5.0,92200.0,0
01/22/93,5.0,5.0,4.9375,5.0,318000.0,0
01/25/93,5.0,5.3125,5.0,5.25,239000.0,0
01/26/93,5.25,5.25,5.125,5.125,60400.0,0
01/27/93,5.125,5.125,4.9375,5.0,91000.0,0
01/28/93,4.9375,5.0,4.9375,4.9375,67400.0,0
01/29/93,4.875,5.0,4.875,4.9375,115000.0,0
02/01/93,4.9375,4.9375,4.875,4.875,82600.0,0
02/02/93,4.9375,4.9375,4.875,4.9375,155800.0,0
02/03/93,4.875,4.875,4.75,4.875,101800.0,0
02/04/93,4.875,4.875,4.8125,4.875,166600.0,0
02/05/93,4.9375,5.0,4.9375,4.9375,137200.0,0
02/08/93,4.9375,5.0,4.9375,5.0,147400.0,0
02/09/93,5.0,5.0625,4.9375,5.0,113000.0,0
02/10/93,5.0,5.0,4.9375,5.0,49600.0,0
02/11/93,5.0,5.125,5.0,5.0,119800.0,0
02/12/93,5.0625,5.125,5.0,5.125,346400.0,0
02/16/93,5.125,5.125,5.0,5.0,193600.0,0
02/17/93,5.0625,5.0625,4.875,4.875,130200.0,0
02/18/93,4.9375,5.0,4.8125,4.875,88000.0,0
02/19/93,4.875,4.9375,4.8125,4.9375,123200.0,0
02/22/93,4.9375,4.9375,4.8125,4.875,32400.0,0
02/23/93,4.875,4.9375,4.8125,4.875,59000.0,0
02/24/93,4.875,4.9375,4.6875,4.75,135200.0,0
02/25/93,4.8125,4.9375,4.75,4.9375,56000.0,0
02/26/93,4.8125,4.875,4.8125,4.8125,61600.0,0
03/01/93,4.8125,4.8125,4.4375,4.4375,330000.0,0
03/02/93,4.4375,4.5,4.375,4.5,265400.0,0
03/03/93,4.5,4.6875,4.5,4.6875,532600.0,0
03/04/93,4.625,4.8125,4.625,4.8125,265200.0,0
03/05/93,4.75,4.8125,4.75,4.8125,135800.0,0
03/08/93,4.8125,5.0,4.8125,5.0,117200.0,0
03/09/93,5.0,5.0625,4.9375,5.0,206200.0,0
03/10/93,5.0,5.0,4.8125,4.9375,326200.0,0
03/11/93,4.9375,4.9375,4.8125,4.875,59600.0,0
03/12/93,4.75,4.9375,4.75,4.875,119600.0,0
03/15/93,4.9375,4.9375,4.875,4.9375,97800.0,0
03/16/93,5.0,5.0,4.8125,4.8125,71400.0,0
03/17/93,4.8125,4.875,4.8125,4.8125,62200.0,0
03/18/93,4.875,4.9375,4.875,4.9375,61800.0,0
03/19/93,4.9375,4.9375,4.75,4.875,162400.0,0
03/22/93,4.8125,4.8125,4.6875,4.75,209200.0,0
03/23/93,4.75,4.75,4.5625,4.625,139000.0,0
03/24/93,4.5625,4.6875,4.4375,4.5,144600.0,0
03/25/93,4.5625,4.5625,4.375,4.5,846000.0,0
03/26/93,4.5625,4.5625,4.4375,4.5,366600.0,0
03/29/93,4.5,4.5,4.375,4.4375,58400.0,0
03/30/93,4.4375,4.4375,4.3125,4.375,243600.0,0
03/31/93,4.375,4.4375,4.375,4.4375,478600.0,0
04/01/93,4.4375,4.5,4.4375,4.5,121200.0,0
04/02/93,4.5,4.5,4.4375,4.4375,99400.0,0
04/05/93,4.4375,4.4375,4.375,4.4375,75400.0,0
04/06/93,4.375,4.375,4.25,4.25,243600.0,0
04/07/93,4.3125,4.375,4.25,4.25,265400.0,0
04/08/93,4.25,4.3125,4.25,4.3125,122000.0,0
04/12/93,4.375,4.4375,4.3125,4.4375,53400.0,0
04/13/93,4.375,4.5,4.375,4.4375,211600.0,0
04/14/93,4.375,4.5,4.375,4.5,153600.0,0
04/15/93,4.5,4.5,4.375,4.375,232400.0,0
04/16/93,4.375,4.375,4.3125,4.375,77600.0,0
04/19/93,4.3125,4.375,4.25,4.3125,94000.0,0
04/20/93,4.375,4.375,4.25,4.25,212000.0,0
04/21/93,4.25,4.3125,4.25,4.3125,504600.0,0
04/22/93,4.3125,4.625,4.3125,4.5,199200.0,0
04/23/93,4.5,4.5625,4.5,4.5625,82200.0,0
04/26/93,4.5625,4.625,4.5,4.5625,126000.0,0
04/27/93,4.5625,4.6875,4.5625,4.625,99400.0,0
04/28/93,4.6875,4.6875,4.625,4.625,30200.0,0
04/29/93,4.625,4.875,4.625,4.75,65800.0,0
04/30/93,4.75,4.875,4.6875,4.875,113000.0,0
05/03/93,4.875,4.9375,4.8125,4.875,219200.0,0
05/04/93,4.9375,4.9375,4.8125,4.8125,72000.0,0
05/05/93,4.75,4.8125,4.6875,4.6875,73800.0,0
05/06/93,4.8125,4.875,4.6875,4.875,92400.0,0
05/07/93,4.875,4.875,4.75,4.875,48800.0,0
05/10/93,4.875,4.875,4.75,4.75,40000.0,0
05/11/93,4.75,4.875,4.6875,4.8125,206800.0,0
05/12/93,4.8125,4.875,4.75,4.875,290000.0,0
05/13/93,4.75,4.8125,4.625,4.75,109000.0,0
05/14/93,4.6875,4.8125,4.625,4.75,76200.0,0
05/17/93,4.8125,4.8125,4.6875,4.75,140000.0,0
05/18/93,4.75,4.75,4.625,4.625,64800.0,0
05/19/93,4.6875,4.75,4.6875,4.75,218800.0,0
05/20/93,4.6875,4.6875,4.625,4.625,79200.0,0
05/21/93,4.6875,4.6875,4.625,4.6875,27800.0,0
05/24/93,4.6875,4.6875,4.625,4.625,12600.0,0
05/25/93,4.6875,4.75,4.5625,4.6875,99600.0,0
05/26/93,4.625,4.75,4.625,4.625,67400.0,0
05/27/93,4.625,4.625,4.5,4.5,59200.0,0
05/28/93,4.5,4.5,4.4375,4.4375,78400.0,0
06/01/93,4.5,4.5,4.4375,4.5,44800.0,0
06/02/93,4.5,4.625,4.5,4.625,37000.0,0
06/03/93,4.625,4.8125,4.5625,4.8125,137400.0,0
06/04/93,4.8125,4.8125,4.5625,4.625,113200.0,0
06/07/93,4.6875,4.8125,4.6875,4.8125,260200.0,0
06/08/93,4.75,4.75,4.6875,4.75,54000.0,0
06/09/93,4.6875,4.75,4.625,4.75,99400.0,0
06/10/93,4.6875,4.75,4.625,4.6875,95600.0,0
06/11/93,4.6875,4.75,4.5625,4.75,91000.0,0
06/14/93,4.625,4.6875,4.5625,4.5625,51600.0,0
06/15/93,4.625,4.625,4.5,4.5625,73800.0,0
06/16/93,4.4375,4.5625,4.4375,4.5625,142600.0,0
06/17/93,4.5,4.625,4.5,4.5625,27600.0,0
06/18/93,4.5625,4.625,4.5625,4.5625,53800.0,0
06/21/93,4.5,4.5,4.3125,4.4375,156600.0,0
06/22/93,4.375,4.4375,4.3125,4.375,71200.0,0
06/23/93,4.4375,4.5,4.375,4.5,93600.0,0
06/24/93,4.5,4.5625,4.375,4.5625,94200.0,0
06/25/93,4.5,4.5,4.375,4.4375,293400.0,0
06/28/93,4.375,4.5625,4.3125,4.5625,71000.0,0
06/29/93,4.4375,4.5625,4.4375,4.5,36800.0,0
06/30/93,4.5625,4.5625,4.375,4.4375,39600.0,0
07/01/93,4.4375,4.4375,4.375,4.375,225800.0,0
07/02/93,4.4375,4.4375,4.375,4.4375,33600.0,0
07/06/93,4.4375,4.4375,4.3125,4.375,184200.0,0
07/07/93,4.4375,4.5,4.25,4.4375,164200.0,0
07/08/93,4.4375,4.4375,4.3125,4.375,106000.0,0
07/09/93,4.375,4.375,4.3125,4.375,94200.0,0
07/12/93,4.375,4.375,4.3125,4.375,100600.0,0
07/13/93,4.375,4.4375,4.25,4.375,122200.0,0
07/14/93,4.3125,4.4375,4.3125,4.4375,96800.0,0
07/15/93,4.4375,4.4375,4.375,4.375,85200.0,0
07/16/93,4.375,4.4375,4.3125,4.375,89200.0,0
07/19/93,4.4375,4.4375,4.375,4.4375,229000.0,0
07/20/93,4.4375,4.5,4.375,4.4375,196200.0,0
07/21/93,4.4375,4.4375,4.375,4.375,188000.0,0
07/22/93,4.4375,4.5,4.375,4.5,188600.0,0
07/23/93,4.4375,4.4375,4.375,4.4375,85800.0,0
07/26/93,4.375,4.4375,4.375,4.4375,235200.0,0
07/27/93,4.375,4.375,4.3125,4.3125,224000.0,0
07/28/93,4.3125,4.3125,4.0625,4.125,302800.0,0
07/29/93,4.125,4.125,4.0,4.0,466800.0,0
07/30/93,4.0,4.0,3.75,3.9375,245800.0,0
08/02/93,4.0,4.0,3.875,4.0,531600.0,0
08/03/93,4.0,4.0625,3.9375,4.0625,194200.0,0
08/04/93,4.0625,4.0625,3.9375,4.0,220800.0,0
08/05/93,4.0,4.0625,3.9375,4.0625,65200.0,0
08/06/93,4.0625,4.0625,4.0,4.0,41600.0,0
08/09/93,4.0625,4.1875,4.0625,4.1875,206200.0,0
08/10/93,4.1875,4.25,4.125,4.25,228200.0,0
08/11/93,4.25,4.375,4.25,4.375,161000.0,0
08/12/93,4.3125,4.375,4.3125,4.375,119000.0,0
08/13/93,4.375,4.375,4.25,4.375,113600.0,0
08/16/93,4.375,4.375,4.3125,4.375,65800.0,0
08/17/93,4.375,4.375,4.3125,4.375,59400.0,0
08/18/93,4.25,4.375,4.25,4.375,67800.0,0
08/19/93,4.375,4.4375,4.3125,4.375,102600.0,0
08/20/93,4.375,4.4375,4.3125,4.375,57400.0,0
08/23/93,4.4375,4.4375,4.3125,4.375,124000.0,0
08/24/93,4.4375,4.5625,4.4375,4.5,165000.0,0
08/25/93,4.4375,4.4375,4.375,4.375,130800.0,0
08/26/93,4.4375,4.5625,4.4375,4.5,56000.0,0
08/27/93,4.5625,4.625,4.5,4.625,54000.0,0
08/30/93,4.625,4.6875,4.4375,4.4375,227800.0,0
08/31/93,4.5,4.625,4.4375,4.625,117400.0,0
09/01/93,4.625,4.6875,4.5625,4.625,76400.0,0
09/02/93,4.625,4.6875,4.5625,4.6875,83400.0,0
09/03/93,4.75,4.875,4.6875,4.8125,165200.0,0
09/07/93,4.8125,4.9375,4.8125,4.9375,158600.0,0
09/08/93,4.9375,4.9375,4.875,4.875,214400.0,0
09/09/93,4.9375,5.125,4.875,5.125,222600.0,0
09/10/93,5.0625,5.1875,5.0625,5.125,344600.0,0
09/13/93,5.25,5.4375,5.1875,5.375,333800.0,0
09/14/93,5.375,5.4375,5.0,5.375,226400.0,0
09/15/93,5.3125,5.375,5.1875,5.3125,224200.0,0
09/16/93,5.3125,5.375,5.25,5.375,150800.0,0
09/17/93,5.3125,5.375,5.0625,5.0625,322800.0,0
09/20/93,5.125,5.1875,5.0,5.0,186400.0,0
09/21/93,5.0,5.0625,4.8125,4.9375,245200.0,0
09/22/93,5.0,5.0625,4.9375,5.0,187200.0,0
09/23/93,5.0,5.0625,5.0,5.0625,71000.0,0
09/24/93,5.0,5.1875,5.0,5.125,107000.0,0
09/27/93,5.1875,5.25,5.125,5.1875,156000.0,0
09/28/93,5.1875,5.25,5.125,5.1875,167400.0,0
09/29/93,5.0625,5.125,5.0,5.0625,228400.0,0
09/30/93,5.0625,5.0625,4.875,5.0,203800.0,0
10/01/93,5.0,5.0,4.875,4.875,162800.0,0
10/04/93,4.9375,5.0,4.875,4.9375,81800.0,0
10/05/93,5.0,5.0625,4.9375,5.0,105400.0,0
10/06/93,5.0625,5.0625,4.9375,4.9375,88000.0,0
10/07/93,5.0,5.0625,5.0,5.0,152600.0,0
10/08/93,5.0625,5.0625,4.9375,4.9375,55800.0,0
10/11/93,4.9375,4.9375,4.75,4.8125,152400.0,0
10/12/93,4.8125,4.875,4.75,4.8125,244400.0,0
10/13/93,4.875,4.9375,4.6875,4.8125,245800.0,0
10/14/93,4.875,4.875,4.6875,4.6875,189800.0,0
10/15/93,4.75,4.875,4.6875,4.8125,121200.0,0
10/18/93,4.75,4.8125,4.6875,4.8125,332400.0,0
10/19/93,4.875,4.875,4.625,4.6875,111200.0,0
10/20/93,4.6875,4.8125,4.625,4.6875,243600.0,0
10/21/93,4.6875,4.6875,4.625,4.625,79800.0,0
10/22/93,4.6875,4.6875,4.5625,4.5625,69600.0,0
10/25/93,4.5,4.6875,4.5,4.5625,132200.0,0
10/26/93,4.625,4.6875,4.5625,4.6875,54800.0,0
10/27/93,4.75,4.8125,4.6875,4.75,77800.0,0
10/28/93,4.75,4.75,4.6875,4.75,49600.0,0
10/29/93,4.75,4.75,4.5625,4.625,127000.0,0
11/01/93,4.6875,4.75,4.625,4.75,260000.0,0
11/02/93,4.6875,4.75,4.625,4.6875,140600.0,0
11/03/93,4.6875,4.75,4.5625,4.625,292000.0,0
11/04/93,4.6875,4.75,4.625,4.75,271800.0,0
11/05/93,4.8125,4.9375,4.6875,4.9375,203200.0,0
11/08/93,5.0,5.125,4.9375,5.0625,220800.0,0
11/09/93,5.0625,5.125,5.0,5.0625,194000.0,0
11/10/93,5.0625,5.1875,5.0625,5.1875,164400.0,0
11/11/93,5.1875,5.1875,5.125,5.1875,183400.0,0
11/12/93,5.1875,5.25,5.125,5.1875,119200.0,0
11/15/93,5.1875,5.25,5.125,5.125,115600.0,0
11/16/93,5.1875,5.3125,5.125,5.25,157200.0,0
11/17/93,5.3125,5.375,5.25,5.3125,132600.0,0
11/18/93,5.3125,5.3125,5.25,5.3125,79000.0,0
11/19/93,5.25,5.3125,5.25,5.3125,105200.0,0
11/22/93,5.1875,5.25,5.125,5.125,96600.0,0
11/23/93,5.25,5.25,5.125,5.1875,147000.0,0
11/24/93,5.25,5.25,5.125,5.1875,61000.0,0
11/26/93,5.1875,5.1875,5.125,5.125,45400.0,0
11/29/93,5.1875,5.1875,5.125,5.1875,80000.0,0
11/30/93,5.1875,5.25,5.125,5.125,304600.0,0
12/01/93,5.25,5.25,5.1875,5.25,107400.0,0
12/02/93,5.25,5.25,5.0625,5.1875,99600.0,0
12/03/93,5.0625,5.0625,4.875,4.9375,359400.0,0
12/06/93,4.8125,4.8125,4.75,4.8125,120200.0,0
12/07/93,4.8125,4.8125,4.75,4.8125,151200.0,0
12/08/93,4.75,4.8125,4.75,4.8125,220800.0,0
12/09/93,4.75,4.75,4.6875,4.75,143400.0,0
12/10/93,4.75,4.875,4.75,4.8125,7876600.0,0
12/13/93,4.8125,4.8125,4.6875,4.8125,317400.0,0
12/14/93,4.8125,4.8125,4.75,4.75,132600.0,0
12/15/93,4.6875,4.6875,4.5625,4.625,231800.0,0
12/16/93,4.625,4.6875,4.5,4.5625,162000.0,0
12/17/93,4.5625,4.75,4.5625,4.6875,198800.0,0
12/20/93,4.6875,4.9375,4.6875,4.875,153400.0,0
12/21/93,4.875,5.1875,4.875,5.1875,176800.0,0
12/22/93,5.1875,5.25,5.125,5.1875,183400.0,0
12/23/93,5.1875,5.25,5.125,5.125,209000.0,0
12/27/93,5.125,5.1875,5.0625,5.125,150600.0,0
12/28/93,5.125,5.1875,5.0625,5.125,144600.0,0
12/29/93,5.125,5.25,5.125,5.25,95200.0,0
12/30/93,5.1875,5.1875,5.0625,5.1875,220200.0,0
12/31/93,5.1875,5.25,5.0,5.0,254000.0,0
01/03/94,5.0625,5.125,5.0,5.125,103600.0,0
01/04/94,5.0625,5.1875,5.0625,5.1875,59400.0,0
01/05/94,5.1875,5.1875,5.0625,5.125,100800.0,0
01/06/94,5.1875,5.1875,5.125,5.1875,122200.0,0
01/07/94,5.1875,5.1875,5.125,5.1875,209400.0,0
01/10/94,5.1875,5.1875,4.9375,5.0,224200.0,0
01/11/94,4.9375,5.0,4.875,4.9375,193200.0,0
01/12/94,4.9375,4.9375,4.875,4.9375,205600.0,0
01/13/94,4.9375,5.0625,4.875,5.0625,298400.0,0
01/14/94,5.0,5.1875,5.0,5.1875,311000.0,0
01/17/94,5.25,5.25,5.1875,5.1875,44400.0,0
01/18/94,5.25,5.5,5.25,5.5,387200.0,0
01/19/94,5.5625,5.625,5.4375,5.4375,666000.0,0
01/20/94,5.5,5.5625,5.4375,5.4375,404200.0,0
01/21/94,5.5625,5.625,5.5,5.625,126000.0,0
01/24/94,5.5625,5.6875,5.5625,5.6875,168200.0,0
01/25/94,5.625,5.6875,5.625,5.625,158400.0,0
01/26/94,5.625,5.6875,5.5625,5.625,124800.0,0
01/27/94,5.625,6.0,5.625,5.9375,264000.0,0
01/28/94,5.9375,5.9375,5.875,5.875,100000.0,0
01/31/94,5.9375,5.9375,5.8125,5.875,155200.0,0
02/01/94,5.8125,5.9375,5.8125,5.875,188000.0,0
02/02/94,5.875,5.875,5.75,5.8125,94200.0,0
02/03/94,5.8125,5.875,5.8125,5.8125,64800.0,0
02/04/94,5.8125,5.875,5.75,5.8125,97200.0,0
02/07/94,5.625,5.875,5.5625,5.6875,241400.0,0
02/08/94,5.75,5.9375,5.6875,5.9375,249200.0,0
02/09/94,5.9375,6.0,5.75,5.9375,323800.0,0
02/10/94,5.9375,6.25,5.9375,6.125,233400.0,0
02/11/94,6.1875,6.1875,6.0,6.0625,473200.0,0
02/14/94,6.0625,6.1875,6.0625,6.0625,200600.0,0
02/15/94,6.0625,6.125,6.0,6.0,1084800.0,0
02/16/94,6.0625,6.125,6.0625,6.0625,117200.0,0
02/17/94,6.1875,6.1875,6.0625,6.0625,94600.0,0
02/18/94,6.0,6.0625,5.9375,6.0,178000.0,0
02/22/94,6.0,6.125,5.9375,6.0,175800.0,0
02/23/94,5.9375,6.0625,5.9375,6.0,196200.0,0
02/24/94,6.0625,6.125,5.8125,5.9375,267600.0,0
02/25/94,5.9375,6.125,5.9375,6.0,144800.0,0
02/28/94,6.0625,6.125,6.0625,6.0625,91800.0,0
03/01/94,6.0625,6.125,6.0625,6.0625,94600.0,0
03/02/94,6.0,6.0625,6.0,6.0,118200.0,0
03/03/94,6.0,6.125,6.0,6.0,52400.0,0
03/04/94,6.0,6.125,6.0,6.0625,146200.0,0
03/07/94,6.0625,6.125,6.0625,6.125,64800.0,0
03/08/94,6.0625,6.125,6.0625,6.125,111200.0,0
03/09/94,6.0625,6.125,6.0625,6.0625,76800.0,0
03/10/94,6.0625,6.125,5.8125,5.875,144200.0,0
03/11/94,5.8125,5.8125,5.3125,5.4375,424800.0,0
03/14/94,5.5,5.5,5.375,5.4375,135800.0,0
03/15/94,5.0,5.3125,4.8125,5.0,389600.0,0
03/16/94,5.0,5.0625,4.9375,5.0,140800.0,0
03/17/94,5.0,5.0,4.875,5.0,104200.0,0
03/18/94,5.0,5.0,4.8125,4.8125,85400.0,0
03/21/94,4.875,4.875,4.625,4.6875,199200.0,0
03/22/94,4.6875,4.75,4.625,4.6875,54800.0,0
03/23/94,4.75,4.875,4.75,4.8125,102200.0,0
03/24/94,4.8125,4.8125,4.5,4.625,358800.0,0
03/25/94,4.625,4.8125,4.625,4.75,64600.0,0
03/28/94,4.75,4.75,4.625,4.75,83400.0,0
03/29/94,4.6875,4.6875,4.625,4.625,269400.0,0
03/30/94,4.5625,4.625,4.5,4.5625,160600.0,0
03/31/94,4.5,4.5,4.1875,4.375,461400.0,0
04/04/94,4.3125,4.3125,4.125,4.125,103000.0,0
04/05/94,4.25,4.4375,4.25,4.375,426600.0,0
04/06/94,4.375,4.4375,4.3125,4.4375,323800.0,0
04/07/94,4.375,4.375,4.25,4.25,241800.0,0
04/08/94,4.3125,4.375,4.25,4.375,300800.0,0
04/11/94,4.4375,4.4375,4.25,4.3125,76200.0,0
04/12/94,4.375,4.4375,4.3125,4.375,108600.0,0
04/13/94,4.3125,4.375,4.3125,4.3125,190400.0,0
04/14/94,4.3125,4.3125,4.25,4.3125,151800.0,0
04/15/94,4.3125,4.3125,4.25,4.25,40200.0,0
04/18/94,4.3125,4.3125,4.25,4.3125,219800.0,0
04/19/94,4.25,4.25,4.1875,4.25,220000.0,0
04/20/94,4.25,4.25,4.125,4.125,206000.0,0
04/21/94,4.1875,4.25,4.1875,4.25,177400.0,0
04/22/94,4.25,4.4375,4.25,4.3125,156600.0,0
04/25/94,4.3125,4.375,4.3125,4.3125,114400.0,0
04/26/94,4.375,4.625,4.375,4.625,99000.0,0
04/28/94,4.625,4.6875,4.5625,4.6875,54800.0,0
04/29/94,4.75,4.75,4.6875,4.6875,56000.0,0
05/02/94,4.75,4.8125,4.6875,4.75,103400.0,0
05/03/94,4.6875,4.9375,4.6875,4.9375,73000.0,0
05/04/94,4.9375,5.1875,4.9375,5.0,159000.0,0
05/05/94,4.9375,4.9375,4.875,4.9375,121200.0,0
05/06/94,4.875,4.875,4.625,4.625,107800.0,0
05/09/94,4.625,4.875,4.625,4.8125,42000.0,0
05/10/94,4.8125,4.9375,4.75,4.8125,50800.0,0
05/11/94,4.8125,4.8125,4.75,4.75,11200.0,0
05/12/94,4.75,4.8125,4.75,4.75,38000.0,0
05/13/94,4.75,4.75,4.625,4.6875,42200.0,0
05/16/94,4.6875,4.6875,4.5625,4.6875,67400.0,0
05/17/94,4.6875,4.6875,4.625,4.625,24800.0,0
05/18/94,4.5625,4.625,4.5625,4.625,69400.0,0
05/19/94,4.5625,4.6875,4.5625,4.625,107600.0,0
05/20/94,4.625,4.6875,4.625,4.6875,47000.0,0
05/23/94,4.6875,4.75,4.6875,4.6875,317000.0,0
05/24/94,4.6875,4.8125,4.6875,4.8125,108000.0,0
05/25/94,4.75,4.875,4.75,4.75,32200.0,0
05/26/94,4.75,4.8125,4.75,4.8125,120000.0,0
05/27/94,4.875,4.9375,4.8125,4.8125,141400.0,0
05/31/94,4.875,4.875,4.75,4.8125,69600.0,0
06/01/94,4.8125,4.875,4.8125,4.8125,118800.0,0
06/02/94,4.875,4.9375,4.875,4.875,82000.0,0
06/03/94,4.9375,4.9375,4.875,4.875,9200.0,0
06/06/94,4.875,4.9375,4.875,4.9375,72200.0,0
06/07/94,5.0,5.0,4.9375,4.9375,17400.0,0
06/08/94,4.9375,5.0,4.9375,4.9375,78400.0,0
06/09/94,4.9375,4.9375,4.875,4.9375,162800.0,0
06/10/94,4.9375,5.0,4.9375,4.9375,91400.0,0
06/13/94,4.9375,4.9375,4.875,4.875,62000.0,0
06/14/94,4.8125,4.8125,4.75,4.8125,43200.0,0
06/15/94,4.8125,4.8125,4.6875,4.6875,36400.0,0
06/16/94,4.6875,4.875,4.6875,4.875,171400.0,0
06/17/94,4.875,4.9375,4.8125,4.8125,63200.0,0
06/20/94,4.8125,4.875,4.8125,4.8125,124400.0,0
06/21/94,4.8125,4.875,4.8125,4.8125,42400.0,0
06/22/94,4.8125,4.8125,4.75,4.8125,105000.0,0
06/23/94,4.75,5.0625,4.75,4.9375,267800.0,0
06/24/94,5.0,5.0625,4.8125,4.875,152200.0,0
06/27/94,4.8125,4.875,4.75,4.8125,52200.0,0
06/28/94,4.8125,4.875,4.5625,4.625,194000.0,0
06/29/94,4.625,4.625,4.5,4.5625,282200.0,0
06/30/94,4.4375,4.4375,4.3125,4.4375,275000.0,0
07/01/94,4.4375,4.4375,4.3125,4.375,120000.0,0
07/05/94,4.3125,4.375,4.3125,4.375,53000.0,0
07/06/94,4.4375,4.5,4.375,4.375,122800.0,0
07/07/94,4.375,4.4375,4.375,4.375,18000.0,0
07/08/94,4.4375,4.4375,4.375,4.375,979200.0,0
07/11/94,4.375,4.4375,4.3125,4.3125,34600.0,0
07/12/94,4.375,4.375,4.3125,4.375,40200.0,0
07/13/94,4.4375,4.4375,4.375,4.375,38400.0,0
07/14/94,4.4375,4.5,4.375,4.375,74000.0,0
07/15/94,4.4375,4.4375,4.375,4.375,73400.0,0
07/18/94,4.375,4.5,4.375,4.5,171200.0,0
07/19/94,4.5625,4.625,4.5,4.625,513800.0,0
07/20/94,4.625,4.625,4.5625,4.625,228800.0,0
07/21/94,4.625,4.625,4.5625,4.5625,459200.0,0
07/22/94,4.625,4.6875,4.625,4.6875,22400.0,0
07/25/94,4.6875,4.6875,4.5625,4.5625,20200.0,0
07/26/94,4.5625,4.625,4.5625,4.5625,23600.0,0
07/27/94,4.5625,4.625,4.5625,4.5625,12600.0,0
07/28/94,4.5625,4.625,4.5625,4.5625,25200.0,0
07/29/94,4.625,4.625,4.5625,4.5625,35400.0,0
08/01/94,4.625,4.625,4.5625,4.5625,198400.0,0
08/02/94,4.5625,4.6875,4.5625,4.625,99200.0,0
08/03/94,4.625,4.6875,4.625,4.625,29200.0,0
08/04/94,4.625,4.6875,4.625,4.625,10800.0,0
08/05/94,4.6875,4.75,4.625,4.6875,207600.0,0
08/08/94,4.6875,4.6875,4.625,4.6875,10800.0,0
08/09/94,4.6875,4.6875,4.5625,4.5625,92600.0,0
08/10/94,4.5,4.5625,4.5,4.5625,114800.0,0
08/11/94,4.5625,4.625,4.5625,4.5625,122800.0,0
08/12/94,4.5,4.5625,4.5,4.5,43600.0,0
08/15/94,4.5,4.5625,4.5,4.5,153200.0,0
08/16/94,4.5,4.5,4.375,4.4375,49600.0,0
08/17/94,4.4375,4.4375,4.375,4.375,52000.0,0
08/18/94,4.375,4.4375,4.375,4.4375,65200.0,0
08/19/94,4.375,4.5,4.375,4.375,56400.0,0
08/22/94,4.375,4.5,4.375,4.5,93200.0,0
08/23/94,4.5,4.5,4.4375,4.5,37600.0,0
08/24/94,4.5,4.5,4.4375,4.4375,17600.0,0
08/25/94,4.4375,4.5,4.375,4.375,21000.0,0
08/26/94,4.4375,4.5,4.375,4.4375,25000.0,0
08/29/94,4.4375,4.5,4.4375,4.4375,41200.0,0
08/30/94,4.4375,4.4375,4.375,4.375,127000.0,0
08/31/94,4.375,4.375,4.3125,4.375,53600.0,0
09/01/94,4.375,4.4375,4.3125,4.4375,197200.0,0
09/02/94,4.4375,4.4375,4.375,4.4375,87600.0,0
09/06/94,4.375,4.4375,4.3125,4.4375,33200.0,0
09/07/94,4.4375,4.4375,4.375,4.375,36200.0,0
09/08/94,4.4375,4.4375,4.375,4.4375,21400.0,0
09/09/94,4.375,4.375,4.25,4.375,135000.0,0
09/12/94,4.3125,4.3125,4.1875,4.3125,620000.0,0
09/13/94,4.3125,4.3125,4.25,4.25,71800.0,0
09/14/94,4.25,4.3125,4.1875,4.25,150600.0,0
09/15/94,4.3125,4.375,4.25,4.3125,198400.0,0
09/16/94,4.3125,4.375,4.3125,4.375,139200.0,0
09/19/94,4.25,4.25,4.1875,4.1875,116200.0,0
09/20/94,4.625,4.6875,4.5,4.625,2342600.0,0
09/21/94,4.625,4.75,4.625,4.75,406600.0,0
09/22/94,4.75,4.75,4.6875,4.75,267600.0,0
09/23/94,4.6875,4.6875,4.5625,4.5625,373600.0,0
09/26/94,4.5625,4.625,4.5625,4.5625,180000.0,0
09/27/94,4.5625,4.5625,4.5,4.5,537600.0,0
09/28/94,4.5,4.625,4.5,4.5625,43800.0,0
09/29/94,4.5,4.5625,4.5,4.5625,151200.0,0
09/30/94,4.5625,4.625,4.5625,4.5625,109200.0,0
10/03/94,4.5625,4.6875,4.5625,4.625,182000.0,0
10/04/94,4.5625,4.625,4.5625,4.5625,50200.0,0
10/05/94,4.5625,4.625,4.5625,4.5625,65000.0,0
10/06/94,4.5625,4.625,4.5625,4.625,255600.0,0
10/07/94,4.5625,4.5625,4.5,4.5,185200.0,0
10/10/94,4.375,4.5,4.375,4.4375,144600.0,0
10/11/94,4.4375,4.5,4.4375,4.4375,86200.0,0
10/12/94,4.5,4.5625,4.5,4.5,150200.0,0
10/13/94,4.5,4.5,4.4375,4.4375,147400.0,0
10/14/94,4.5,4.5625,4.4375,4.4375,163400.0,0
10/17/94,4.4375,4.5,4.375,4.375,409600.0,0
10/18/94,4.4375,4.5,4.4375,4.5,335600.0,0
10/19/94,4.5,4.5,4.5,4.5,273000.0,0
10/20/94,4.5,4.5,4.5,4.5,296600.0,0
10/21/94,4.5,4.5625,4.5,4.5625,214800.0,0
10/24/94,4.5625,4.625,4.5625,4.5625,43400.0,0
10/25/94,4.5625,4.6875,4.5625,4.625,143600.0,0
10/26/94,4.5625,4.625,4.5,4.5,122600.0,0
10/27/94,4.5,4.5625,4.5,4.5,64000.0,0
10/28/94,4.5,4.5625,4.5,4.5,142000.0,0
10/31/94,4.5,4.5625,4.5,4.5625,106200.0,0
11/01/94,4.5625,4.5625,4.5,4.5,172400.0,0
11/02/94,4.5,4.5,4.5,4.5,104200.0,0
11/03/94,4.5,4.625,4.5,4.5625,120000.0,0
11/04/94,4.5625,4.625,4.5625,4.5625,149800.0,0
11/07/94,4.625,4.625,4.5625,4.5625,76200.0,0
11/08/94,4.5625,4.625,4.5625,4.5625,77600.0,0
11/09/94,4.5625,4.625,4.5625,4.5625,25600.0,0
11/10/94,4.5,4.5625,4.5,4.5625,125000.0,0
11/11/94,4.5625,4.625,4.5,4.625,14800.0,0
11/14/94,4.625,4.6875,4.625,4.6875,213200.0,0
11/15/94,4.6875,4.6875,4.625,4.625,75800.0,0
11/16/94,4.5625,4.5625,4.5,4.5625,24600.0,0
11/17/94,4.625,4.625,4.5,4.5,447000.0,0
11/18/94,4.5625,4.5625,4.5,4.5,239200.0,0
11/21/94,4.5,4.5625,4.5,4.5,88400.0,0
11/22/94,4.5,4.5,4.4375,4.4375,46600.0,0
11/23/94,4.4375,4.5,4.4375,4.4375,70600.0,0
11/25/94,4.4375,4.4375,4.4375,4.4375,7400.0,0
11/28/94,4.5,4.5625,4.4375,4.4375,304600.0,0
11/29/94,4.5,4.5625,4.5,4.5,96400.0,0
11/30/94,4.5,4.5625,4.5,4.5,159800.0,0
12/01/94,4.5,4.8125,4.5,4.8125,345200.0,0
12/02/94,4.6875,4.6875,4.625,4.625,75600.0,0
12/05/94,4.625,4.625,4.5625,4.5625,512800.0,0
12/06/94,4.625,4.6875,4.625,4.625,194200.0,0
12/07/94,4.625,4.625,4.625,4.625,110600.0,0
12/08/94,4.625,4.625,4.625,4.625,127600.0,0
12/09/94,4.625,4.625,4.625,4.625,99200.0,0
12/12/94,4.625,4.625,4.625,4.625,84600.0,0
12/13/94,4.625,4.6875,4.625,4.625,107200.0,0
12/14/94,4.625,4.6875,4.625,4.625,67800.0,0
12/15/94,4.625,4.6875,4.625,4.625,56000.0,0
12/16/94,4.625,4.6875,4.625,4.625,60600.0,0
12/19/94,4.625,4.625,4.625,4.625,53800.0,0
12/20/94,4.625,4.625,4.625,4.625,118400.0,0
12/21/94,4.625,4.6875,4.625,4.625,96400.0,0
12/22/94,4.5625,4.625,4.5625,4.5625,43800.0,0
12/23/94,4.5625,4.5625,4.5625,4.5625,21000.0,0
12/27/94,4.5625,4.625,4.5625,4.5625,52200.0,0
12/28/94,4.5625,4.625,4.5625,4.625,34400.0,0
12/29/94,4.625,4.625,4.5625,4.625,95600.0,0
12/30/94,4.5625,4.625,4.5625,4.625,20600.0,0
01/03/95,4.625,4.625,4.625,4.625,5000.0,0
01/04/95,4.625,4.625,4.625,4.625,10400.0,0
01/05/95,4.5625,4.5625,4.5,4.5,24200.0,0
01/06/95,4.5,4.5,4.5,4.5,600.0,0
01/09/95,4.5,4.5,4.4375,4.5,5000.0,0
01/10/95,4.5,4.5,4.5,4.5,12400.0,0
01/11/95,4.5,4.5,4.5,4.5,51400.0,0
01/12/95,4.5,4.5625,4.5,4.5,3200.0,0
01/13/95,4.5,4.5625,4.5,4.5625,4400.0,0
01/16/95,4.5,4.5625,4.5,4.5625,2000.0,0
01/17/95,4.5,4.5625,4.5,4.5625,10200.0,0
01/18/95,4.5,4.625,4.5,4.5625,9800.0,0
01/19/95,4.5625,4.6875,4.5625,4.5625,8600.0,0
01/20/95,4.5625,4.625,4.5625,4.5625,11200.0,0
01/23/95,4.5625,4.625,4.5625,4.5625,14400.0,0
01/24/95,4.5625,4.5625,4.5625,4.5625,10600.0,0
01/25/95,4.5625,4.5625,4.5625,4.5625,8400.0,0
01/26/95,4.625,4.625,4.5625,4.625,3800.0,0
01/27/95,4.5625,4.625,4.5625,4.625,3600.0,0
01/30/95,4.5625,4.5625,4.5625,4.5625,8200.0,0
01/31/95,4.5625,4.5625,4.5625,4.5625,3600.0,0
02/01/95,4.5625,4.5625,4.5625,4.5625,6600.0,0
02/02/95,4.5625,4.5625,4.5625,4.5625,5600.0,0
02/03/95,4.5625,4.5625,4.5,4.5,7400.0,0
02/06/95,4.5,4.5625,4.5,4.5,24200.0,0
02/07/95,4.5,4.5,4.5,4.5,45600.0,0
02/08/95,4.4375,4.4375,4.4375,4.4375,13400.0,0
02/09/95,4.5,4.5,4.4375,4.4375,7000.0,0
02/10/95,4.5,4.5,4.4375,4.5,1800.0,0
02/13/95,4.5,4.5,4.4375,4.4375,21600.0,0
02/14/95,4.4375,4.4375,4.4375,4.4375,2000.0,0
02/15/95,4.4375,4.4375,4.4375,4.4375,1800.0,0
02/16/95,4.5,4.5,4.5,4.5,10800.0,0
02/17/95,4.5625,4.5625,4.5,4.5,1600.0,0
02/21/95,4.5625,4.5625,4.5625,4.5625,600.0,0
02/22/95,4.5,4.5,4.5,4.5,3800.0,0
02/23/95,4.5,4.5625,4.5,4.5625,14200.0,0
02/24/95,4.5,4.5,4.5,4.5,2200.0,0
02/27/95,4.5,4.5,4.5,4.5,3000.0,0
02/28/95,4.5,4.5,4.5,4.5,600.0,0
03/01/95,4.5,4.5,4.5,4.5,1200.0,0
03/02/95,4.5,4.5625,4.5,4.5625,6000.0,0
03/03/95,4.5625,4.625,4.5625,4.5625,7600.0,0
03/06/95,4.625,4.6875,4.625,4.6875,11200.0,0
03/07/95,4.625,4.625,4.625,4.625,3200.0,0
03/08/95,4.625,4.625,4.625,4.625,1200.0,0
03/09/95,4.625,4.625,4.625,4.625,9200.0,0
03/10/95,4.625,4.625,4.625,4.625,9200.0,0
03/13/95,4.625,4.625,4.625,4.625,0.0,0
03/14/95,4.625,4.625,4.625,4.625,0.0,0
03/15/95,4.625,4.625,4.625,4.625,0.0,0
03/16/95,4.625,4.625,4.625,4.625,0.0,0
03/17/95,4.625,4.625,4.625,4.625,0.0,0
03/20/95,4.625,4.625,4.625,4.625,0.0,0
03/21/95,4.625,4.625,4.625,4.625,200.0,0
03/22/95,4.625,4.625,4.625,4.625,0.0,0
03/23/95,4.625,4.625,4.625,4.625,400.0,0
03/24/95,4.625,4.625,4.625,4.625,400.0,0
03/27/95,4.625,4.625,4.625,4.625,400.0,0
03/28/95,4.625,4.625,4.625,4.625,400.0,0
03/29/95,4.625,4.625,4.625,4.625,400.0,0
03/30/95,4.625,4.625,4.625,4.625,400.0,0
03/31/95,4.625,4.625,4.625,4.625,400.0,0
04/03/95,4.625,4.625,4.625,4.625,400.0,0
04/04/95,4.625,4.625,4.625,4.625,400.0,0
04/05/95,4.625,4.625,4.625,4.625,400.0,0
04/06/95,4.625,4.625,4.625,4.625,400.0,0
04/07/95,4.625,4.625,4.625,4.625,400.0,0
04/10/95,4.625,4.625,4.625,4.625,0.0,0
04/11/95,4.625,4.625,4.625,4.625,0.0,0
04/12/95,4.625,4.625,4.625,4.625,0.0,0
04/13/95,4.625,4.625,4.625,4.625,0.0,0
04/17/95,4.625,4.625,4.625,4.625,0.0,0
04/18/95,4.625,4.625,4.625,4.625,0.0,0
04/19/95,4.625,4.625,4.625,4.625,0.0,0
04/20/95,4.625,4.625,4.625,4.625,200.0,0
04/21/95,4.625,4.625,4.625,4.625,0.0,0
04/24/95,4.625,4.625,4.625,4.625,0.0,0
04/25/95,4.625,4.625,4.625,4.625,0.0,0
04/26/95,4.625,4.625,4.625,4.625,0.0,0
04/27/95,4.625,4.625,4.625,4.625,0.0,0
04/28/95,4.625,4.625,4.625,4.625,0.0,0
05/01/95,4.625,4.625,4.625,4.625,0.0,0
05/02/95,4.625,4.625,4.625,4.625,0.0,0
05/03/95,4.625,4.625,4.625,4.625,8800.0,0
05/04/95,4.625,4.625,4.625,4.625,0.0,0
05/05/95,4.625,4.625,4.625,4.625,200.0,0
05/08/95,4.625,4.625,4.625,4.625,0.0,0
05/09/95,4.625,4.625,4.625,4.625,0.0,0
05/10/95,4.625,4.625,4.625,4.625,0.0,0
05/11/95,4.625,4.625,4.625,4.625,0.0,0
05/12/95,4.625,4.625,4.625,4.625,0.0,0
05/15/95,4.625,4.625,4.625,4.625,0.0,0
05/16/95,4.625,4.625,4.625,4.625,0.0,0
05/17/95,4.625,4.625,4.625,4.625,0.0,0
05/18/95,4.625,4.625,4.625,4.625,0.0,0
05/19/95,4.625,4.625,4.625,4.625,200.0,0
05/22/95,4.625,4.625,4.625,4.625,0.0,0
05/23/95,4.625,4.625,4.625,4.625,200.0,0
05/24/95,4.625,4.625,4.625,4.625,0.0,0
05/25/95,4.625,4.625,4.625,4.625,0.0,0
05/26/95,4.625,4.625,4.625,4.625,0.0,0
05/30/95,4.625,4.625,4.625,4.625,0.0,0
05/31/95,4.625,4.625,4.625,4.625,0.0,0
06/01/95,4.625,4.625,4.625,4.625,400.0,0
06/02/95,4.625,4.625,4.625,4.625,0.0,0
06/05/95,4.625,4.625,4.625,4.625,0.0,0
06/06/95,4.625,4.625,4.625,4.625,0.0,0
06/07/95,4.625,4.625,4.625,4.625,0.0,0
06/08/95,4.625,4.625,4.625,4.625,200.0,0
06/09/95,4.625,4.625,4.625,4.625,0.0,0
06/12/95,4.625,4.625,4.625,4.625,0.0,0
06/13/95,4.625,4.625,4.625,4.625,0.0,0
06/14/95,4.625,4.625,4.625,4.625,0.0,0
06/15/95,4.625,4.625,4.625,4.625,0.0,0
06/16/95,4.625,4.625,4.625,4.625,0.0,0
06/19/95,4.625,4.625,4.625,4.625,0.0,0
06/20/95,4.625,4.625,4.625,4.625,0.0,0
06/21/95,4.625,4.625,4.625,4.625,200.0,0
06/22/95,4.625,4.625,4.625,4.625,0.0,0
06/23/95,4.625,4.625,4.625,4.625,0.0,0
06/26/95,4.625,4.625,4.625,4.625,0.0,0
06/27/95,4.625,4.625,4.625,4.625,0.0,0
06/28/95,4.625,4.625,4.625,4.625,0.0,0
06/29/95,4.625,4.625,4.625,4.625,400.0,0
06/30/95,4.625,4.625,4.625,4.625,200.0,0
07/03/95,4.625,4.625,4.625,4.625,0.0,0
07/05/95,4.625,4.625,4.625,4.625,0.0,0
07/06/95,4.625,4.625,4.625,4.625,200.0,0
07/07/95,4.625,4.625,4.625,4.625,0.0,0
07/10/95,4.625,4.625,4.625,4.625,0.0,0
07/11/95,4.625,4.625,4.625,4.625,0.0,0
07/12/95,4.625,4.625,4.625,4.625,0.0,0
07/13/95,4.625,4.625,4.625,4.625,200.0,0
07/14/95,4.625,4.625,4.625,4.625,0.0,0
07/17/95,4.625,4.625,4.625,4.625,0.0,0
07/18/95,4.625,4.625,4.625,4.625,200.0,0
07/19/95,4.625,4.625,4.625,4.625,0.0,0
07/20/95,4.625,4.625,4.625,4.625,200.0,0
07/21/95,4.625,4.625,4.625,4.625,0.0,0
07/24/95,4.625,4.625,4.625,4.625,200.0,0
07/25/95,4.625,4.625,4.625,4.625,200.0,0
07/26/95,4.625,4.625,4.625,4.625,200.0,0
07/27/95,4.625,4.625,4.625,4.625,0.0,0
07/28/95,4.625,4.625,4.625,4.625,0.0,0
07/31/95,4.625,4.625,4.625,4.625,0.0,0
08/01/95,4.625,4.625,4.625,4.625,200.0,0
08/02/95,4.625,4.625,4.625,4.625,0.0,0
08/03/95,4.625,4.625,4.625,4.625,0.0,0
08/04/95,4.625,4.625,4.625,4.625,200.0,0
08/07/95,4.625,4.625,4.625,4.625,0.0,0
08/08/95,4.625,4.625,4.625,4.625,200.0,0
08/09/95,4.625,4.625,4.625,4.625,0.0,0
08/10/95,4.625,4.625,4.625,4.625,200.0,0
08/11/95,4.625,4.625,4.625,4.625,0.0,0
10/17/95,1.9375,1.9375,1.1875,1.1875,400.0,0
10/31/95,1.4375,1.4375,1.4375,1.4375,1802.0,0
12/11/95,1.0625,1.0625,1.0625,1.0625,200.0,0
04/26/96,0.045,0.045,0.045,0.045,200.0,0
04/29/96,0.3125,0.3125,0.3125,0.3125,2.0,0
04/30/96,0.125,3.6875,0.0625,3.6875,163400.0,0
05/06/96,57.5,140.5,0.1875,0.5,400.0,0
05/07/96,0.125,0.125,0.125,0.125,800.0,0
05/17/96,3.0,3.0,0.3125,0.3125,5202.0,0
05/20/96,4.0,4.0,0.375,0.375,2600.0,0
05/23/96,23.5,23.5,23.0625,23.125,1065000.0,0
05/24/96,23.5,23.5,22.75,22.875,1065000.0,0
05/28/96,22.9375,22.9375,22.625,22.625,221400.0,0
05/29/96,22.6875,22.75,22.5625,22.625,256400.0,0
05/30/96,22.5625,22.5625,22.3125,22.5,299800.0,0
05/31/96,22.6875,22.8125,22.625,22.75,74000.0,0
06/03/96,22.75,22.8125,22.5,22.75,211400.0,0
06/04/96,23.125,23.3125,23.0,23.25,157400.0,0
06/05/96,23.1875,23.25,23.125,23.25,176000.0,0
06/06/96,23.5,23.5,23.1875,23.1875,184000.0,0
06/07/96,22.875,23.125,22.625,23.0625,137800.0,0
06/10/96,23.125,23.1875,22.875,23.125,150800.0,0
06/11/96,23.0625,23.125,22.9375,22.9375,156600.0,0
06/12/96,22.1875,22.1875,21.9375,22.125,1529400.0,0
06/13/96,21.75,22.0625,21.5625,21.9375,369600.0,0
06/14/96,22.0,22.1875,21.9375,22.125,406200.0,0
06/17/96,21.6875,21.8125,21.6875,21.75,364800.0,0
06/18/96,21.8125,21.9375,21.8125,21.8125,1063000.0,0
06/19/96,21.6875,21.6875,21.5625,21.6875,607400.0,0
06/20/96,21.6875,21.8125,21.4375,21.5,286800.0,0
06/21/96,21.625,21.6875,21.5625,21.6875,293600.0,0
06/24/96,21.75,21.75,21.6875,21.75,218000.0,0
06/25/96,21.6875,21.875,21.625,21.75,715400.0,0
06/26/96,21.9375,22.1875,21.9375,22.0625,328400.0,0
06/27/96,22.0,22.0,21.75,21.9375,1468200.0,0
06/28/96,22.0625,22.125,21.8125,21.875,369200.0,0
07/01/96,22.0,22.0,21.75,21.875,671600.0,0
07/02/96,21.5625,21.5625,21.375,21.4375,866200.0,0
07/03/96,21.125,21.1875,21.0,21.1875,340200.0,0
07/05/96,20.625,20.8125,20.375,20.625,370800.0,0
07/08/96,20.75,20.875,20.6875,20.75,1180200.0,0
07/09/96,20.9375,21.0,20.875,20.9375,48400.0,0
07/10/96,20.9375,20.9375,20.5,20.625,442000.0,0
07/11/96,20.25,20.25,19.9375,19.9375,628800.0,0
07/12/96,20.0625,20.375,20.0,20.25,183800.0,0
07/15/96,20.3125,20.3125,19.875,19.9375,184000.0,0
07/16/96,20.0625,20.125,19.375,20.0,707800.0,0
07/17/96,20.5,20.5,20.375,20.4375,953000.0,0
07/18/96,20.3125,20.6875,20.125,20.5,544200.0,0
07/19/96,20.625,20.625,20.5,20.5625,133000.0,0
07/22/96,20.5625,20.5625,20.25,20.375,135000.0,0
07/23/96,20.5,20.625,20.25,20.375,45400.0,0
07/24/96,20.0625,20.1875,20.0,20.1875,69000.0,0
07/25/96,20.375,20.4375,20.25,20.25,26400.0,0
07/26/96,20.3125,20.375,20.125,20.3125,73800.0,0
07/29/96,20.5625,20.6875,20.375,20.375,171000.0,0
07/30/96,20.5,20.5625,20.3595,20.5625,388400.0,0
07/31/96,20.75,21.125,20.75,21.125,149400.0,0
08/01/96,21.125,21.4375,21.125,21.375,124800.0,0
08/02/96,21.5625,21.875,21.5,21.6875,241200.0,0
08/05/96,21.25,21.4375,21.25,21.25,371800.0,0
08/06/96,21.25,21.25,21.0625,21.125,49600.0,0
08/07/96,21.125,21.3125,21.125,21.25,159000.0,0
08/08/96,21.125,21.125,20.8125,20.9375,90000.0,0
08/09/96,20.9375,21.0625,20.9375,21.0625,54200.0,0
08/12/96,21.0,21.0,20.875,20.875,243600.0,0
08/13/96,21.0625,21.3125,21.0625,21.25,72400.0,0
08/14/96,21.25,21.375,21.125,21.25,82000.0,0
08/15/96,20.9375,20.9375,20.375,20.5625,423800.0,0
08/16/96,20.4375,20.4375,20.3125,20.4375,1737200.0,0
08/19/96,20.375,20.375,19.9375,20.0625,477400.0,0
08/20/96,20.625,20.8125,20.625,20.75,822800.0,0
08/21/96,21.0,21.0625,20.9375,21.0,132600.0,0
08/22/96,20.9375,21.375,20.9375,21.375,598600.0,0
08/23/96,21.25,21.3125,21.125,21.125,198800.0,0
08/26/96,21.125,21.1875,21.0,21.0,83000.0,0
08/27/96,21.25,21.25,21.125,21.1875,141800.0,0
08/28/96,21.375,21.375,21.25,21.375,159400.0,0
08/29/96,21.4375,21.4375,21.25,21.3125,96800.0,0
08/30/96,21.3125,21.3125,20.75,20.9375,161800.0,0
09/03/96,20.8125,21.0,20.75,21.0,160200.0,0
09/04/96,20.8125,20.9375,20.625,20.8125,405600.0,0
09/05/96,20.625,20.875,20.5625,20.75,393600.0,0
09/06/96,20.8125,21.0625,20.8125,21.0625,367800.0,0
09/09/96,21.1875,21.1875,21.0,21.0625,269200.0,0
09/10/96,21.0,21.0,20.75,20.8125,79200.0,0
09/11/96,20.75,21.0,20.75,20.9375,439600.0,0
09/12/96,20.9375,20.9375,20.6875,20.8125,123200.0,0
09/13/96,21.1875,21.5,21.1875,21.4375,99800.0,0
09/16/96,21.5625,21.6875,21.375,21.5,92600.0,0
09/17/96,21.5625,21.5625,21.125,21.125,130200.0,0
09/18/96,21.0,21.125,20.875,20.875,74200.0,0
09/19/96,20.8125,21.0,20.8125,20.9375,77200.0,0
09/20/96,20.875,21.0,20.6875,20.9375,264000.0,0
09/23/96,20.75,20.8125,20.5625,20.75,407800.0,0
09/24/96,20.875,21.0625,20.8125,20.875,348000.0,0
09/25/96,20.9375,20.9375,20.75,20.875,366600.0,0
09/26/96,20.9375,20.9375,20.75,20.75,520400.0,0
09/27/96,21.125,21.125,20.8125,20.875,358400.0,0
09/30/96,20.875,21.125,20.75,21.0625,338200.0,0
10/01/96,21.5625,21.9375,21.5625,21.9375,1544200.0,0
10/02/96,22.0625,22.0625,21.75,21.75,419200.0,0
10/03/96,21.75,22.125,21.75,22.125,1277400.0,0
10/04/96,22.3125,22.5625,22.25,22.5625,563800.0,0
10/07/96,22.5625,22.5625,22.1875,22.25,282800.0,0
10/08/96,22.3125,22.625,22.3125,22.5,278000.0,0
10/09/96,22.5625,22.5625,22.3125,22.3125,121200.0,0
10/10/96,22.3125,22.5,22.25,22.5,125600.0,0
10/11/96,22.3125,22.3125,22.0625,22.125,105000.0,0
10/14/96,22.5,22.75,22.375,22.75,227200.0,0
10/15/96,22.75,23.0,22.75,22.875,180000.0,0
10/16/96,22.9375,23.1875,22.875,23.1875,358000.0,0
10/17/96,23.125,23.375,22.875,23.375,201000.0,0
10/18/96,23.25,23.25,22.9375,23.25,98600.0,0
10/21/96,23.1875,23.1875,22.875,23.0,355200.0,0
10/22/96,23.4375,23.5,23.1875,23.3125,178200.0,0
10/23/96,23.375,23.625,23.25,23.5,150000.0,0
10/24/96,23.375,23.4375,23.25,23.375,128800.0,0
10/25/96,23.3125,23.5625,23.3125,23.4375,232800.0,0
10/28/96,23.5,23.5,23.375,23.4375,188400.0,0
10/29/96,23.25,23.25,23.0,23.125,653200.0,0
10/30/96,22.9375,22.9375,22.625,22.6875,146600.0,0
10/31/96,22.6875,22.9375,22.6875,22.875,85200.0,0
11/01/96,22.6875,23.0,22.6875,22.75,59400.0,0
11/04/96,22.75,22.875,22.625,22.75,403800.0,0
11/05/96,22.8125,22.875,22.5625,22.625,655800.0,0
11/06/96,22.5625,22.8125,22.375,22.6875,776600.0,0
11/07/96,22.5,22.5,22.3125,22.375,676800.0,0
11/08/96,22.25,22.25,22.0,22.1875,418800.0,0
11/11/96,22.0625,22.375,22.0,22.3125,245200.0,0
11/12/96,22.3125,22.3125,22.0,22.125,473000.0,0
11/13/96,22.1875,22.4375,22.125,22.375,353000.0,0
11/14/96,22.375,22.875,22.375,22.875,366600.0,0
11/15/96,23.1875,23.3125,23.0625,23.25,123600.0,0
11/18/96,23.375,23.4375,23.25,23.3125,228800.0,0
11/19/96,23.4375,23.5625,23.375,23.5625,346200.0,0
11/20/96,23.5625,23.625,23.4375,23.5,353600.0,0
11/21/96,23.5625,23.8125,23.5625,23.8125,396600.0,0
11/22/96,23.9375,24.125,23.875,23.9375,952800.0,0
11/25/96,24.0625,24.1875,23.9375,24.1875,787000.0,0
11/26/96,24.0,24.0625,23.5,23.625,1106000.0,0
11/27/96,23.625,23.8125,23.5,23.75,326800.0,0
11/29/96,24.25,24.25,24.0,24.125,160600.0,0
12/02/96,23.9375,24.3125,23.75,24.25,453800.0,0
12/03/96,24.625,24.625,24.5,24.5,433400.0,0
12/04/96,24.25,24.25,23.875,24.0,432600.0,0
12/05/96,24.1875,24.8125,24.1875,24.5,881000.0,0
12/06/96,23.875,24.5,23.8125,24.4375,747600.0,0
12/09/96,24.875,25.3125,24.75,25.125,553200.0,0
12/10/96,24.75,24.9375,24.6875,24.8125,606000.0,0
12/11/96,24.125,24.4375,24.0,24.375,155400.0,0
12/12/96,24.3125,24.375,24.0,24.125,220400.0,0
12/13/96,24.1875,24.1875,23.875,24.0,217400.0,0
12/16/96,24.0,24.125,23.75,23.875,81800.0,0
12/17/96,23.5625,23.6875,23.4375,23.625,419600.0,0
12/18/96,23.4375,23.625,23.375,23.5,212400.0,0
12/19/96,23.75,23.875,23.625,23.875,320600.0,0
12/20/96,24.125,24.125,23.75,23.9375,137400.0,0
12/23/96,23.8125,23.9375,23.4375,23.4375,347000.0,0
12/24/96,23.5625,23.5625,23.5,23.5625,86800.0,0
12/26/96,23.5625,23.8125,23.5625,23.6875,65000.0,0
12/27/96,23.9375,24.0625,23.875,23.9375,53600.0,0
12/30/96,24.125,24.5625,24.0625,24.4375,81000.0,0
12/31/96,24.3125,24.5,24.25,24.5,47800.0,0
01/02/97,24.375,24.5625,24.3125,24.4375,107400.0,0
01/03/97,24.4375,24.5,24.375,24.4375,79200.0,0
01/06/97,24.4375,24.4375,24.3125,24.375,118600.0,0
01/07/97,24.25,24.25,24.125,24.25,71000.0,0
01/08/97,24.125,24.375,24.125,24.25,331000.0,0
01/09/97,24.25,24.3125,24.125,24.25,81600.0,0
01/10/97,24.125,24.125,23.6875,23.9375,143000.0,0
01/13/97,24.125,24.25,23.875,23.9375,84000.0,0
01/14/97,23.8125,24.0,23.6875,23.9375,185600.0,0
01/15/97,23.875,23.875,23.625,23.75,70800.0,0
01/16/97,23.8125,23.9375,23.625,23.75,1109800.0,0
01/17/97,23.5,23.5,23.375,23.5,389000.0,0
01/20/97,23.0,23.0,22.4375,22.8125,405600.0,0
01/21/97,22.8125,22.9375,22.75,22.875,199000.0,0
01/22/97,22.9375,23.1875,22.9375,23.0,307800.0,0
01/23/97,23.375,23.5625,23.25,23.375,621800.0,0
01/24/97,23.5625,23.625,23.25,23.375,443200.0,0
01/27/97,23.375,23.5,23.0625,23.0625,320800.0,0
01/28/97,23.375,23.375,23.1875,23.1875,83000.0,0
01/29/97,23.125,23.4375,23.0625,23.3125,96000.0,0
01/30/97,23.5,23.8125,23.375,23.8125,175600.0,0
01/31/97,24.0,24.125,23.875,23.9375,118400.0,0
02/03/97,23.625,23.625,23.375,23.625,411400.0,0
02/04/97,23.3125,23.4375,23.1875,23.375,117000.0,0
02/05/97,23.375,23.4375,23.0,23.0625,130000.0,0
02/06/97,23.125,23.375,23.125,23.375,193200.0,0
02/07/97,23.375,23.4375,23.25,23.375,122000.0,0
02/10/97,23.875,24.1875,23.875,24.0,115400.0,0
02/11/97,24.3125,24.3125,24.0625,24.1875,236800.0,0
02/12/97,23.9375,24.25,23.9375,24.25,478800.0,0
02/13/97,24.25,24.375,24.125,24.3125,300000.0,0
02/14/97,24.375,24.4375,24.1875,24.4375,623400.0,0
02/18/97,24.375,24.5625,24.0625,24.5625,165000.0,0
02/19/97,24.3125,24.375,24.0625,24.125,762800.0,0
02/20/97,23.8125,24.0625,23.625,23.9375,1000600.0,0
02/21/97,24.125,24.125,24.0,24.0,173400.0,0
02/24/97,24.0625,24.25,24.0,24.25,325800.0,0
02/25/97,24.25,24.375,24.25,24.375,679200.0,0
02/26/97,24.5625,24.625,24.1875,24.3125,1053800.0,0
02/27/97,24.5,24.5625,24.4375,24.4375,339400.0,0
02/28/97,24.25,24.25,23.9375,24.0625,215400.0,0
03/03/97,24.0,24.125,23.9375,24.125,206800.0,0
03/04/97,24.25,24.25,23.875,23.875,530000.0,0
03/05/97,24.0,24.1875,24.0,24.1875,598000.0,0
03/06/97,24.125,24.1875,23.9375,24.0,94800.0,0
03/07/97,24.125,24.125,23.875,23.875,209400.0,0
03/10/97,24.375,24.8125,24.375,24.6875,343600.0,0
03/11/97,24.75,24.9375,24.5,24.625,575800.0,0
03/12/97,24.4375,24.4375,24.0625,24.3125,106000.0,0
03/13/97,23.875,23.9375,23.375,23.375,162000.0,0
03/14/97,23.4375,23.9375,23.4375,23.625,166000.0,0
03/17/97,23.4375,23.5625,23.125,23.5625,111800.0,0
03/18/97,23.0625,23.3125,22.875,22.9375,104200.0,0
03/19/97,22.9375,22.9375,22.75,22.75,412200.0,0
03/20/97,22.75,22.75,22.3125,22.5,211000.0,0
03/21/97,22.8125,22.9375,22.625,22.75,186600.0,0
03/24/97,22.625,22.6875,22.4375,22.6875,317600.0,0
03/25/97,22.9375,23.25,22.9375,23.125,244400.0,0
03/26/97,23.375,23.75,23.3125,23.625,391800.0,0
03/27/97,23.8125,23.8125,23.5625,23.625,447600.0,0
03/31/97,23.4375,23.625,23.25,23.25,99400.0,0
04/01/97,22.9375,22.9375,22.6875,22.9375,150200.0,0
04/02/97,22.6875,22.6875,22.125,22.375,57400.0,0
04/03/97,22.5,22.9375,22.5,22.8125,142600.0,0
04/04/97,22.8125,22.875,22.625,22.8125,178400.0,0
04/07/97,23.1875,23.1875,23.0625,23.125,540800.0,0
04/08/97,22.9375,23.0,22.6875,22.8125,374800.0,0
04/09/97,22.6875,22.6875,22.1875,22.1875,169600.0,0
04/10/97,22.25,22.6875,22.25,22.5625,201000.0,0
04/11/97,22.3125,22.4375,22.125,22.125,180000.0,0
04/14/97,22.0625,22.125,22.0,22.125,93200.0,0
04/15/97,22.625,22.8125,22.625,22.75,273800.0,0
04/16/97,22.625,22.9375,22.5625,22.9375,111800.0,0
04/17/97,22.625,22.75,22.5625,22.625,255200.0,0
04/18/97,22.5625,22.625,22.3125,22.5,70400.0,0
04/21/97,22.5,22.5,20.5,20.6875,660800.0,0
04/22/97,20.0625,20.125,19.75,19.9375,15882000.0,0
04/23/97,19.8125,19.9375,19.375,19.375,20270600.0,0
04/24/97,19.875,20.0,19.5625,19.9375,17513400.0,0
04/25/97,20.0625,20.0625,19.5625,19.6875,291000.0,0
04/28/97,19.25,19.5,19.25,19.4375,440000.0,0
04/29/97,19.9375,20.3125,19.875,20.3125,434400.0,0
04/30/97,20.3125,20.625,20.125,20.375,572000.0,0
05/01/97,20.3125,20.6875,20.25,20.4375,159400.0,0
05/02/97,20.375,20.6875,20.3125,20.625,625000.0,0
05/05/97,20.75,20.8125,20.4375,20.75,293800.0,0
05/06/97,20.5,20.625,20.3125,20.3125,326400.0,0
05/07/97,20.375,20.4375,20.25,20.3125,268800.0,0
05/08/97,20.1875,20.4375,20.125,20.4375,124800.0,0
05/09/97,20.5,20.5,20.25,20.4375,444000.0,0
05/12/97,20.5,20.6875,20.3125,20.5,651600.0,0
05/13/97,20.5,20.5,20.25,20.3125,717000.0,0
05/14/97,20.5,20.875,20.5,20.8125,910600.0,0
05/15/97,21.0,21.375,20.875,21.375,303200.0,0
05/16/97,21.1875,21.3125,20.9375,21.0,441400.0,0
05/19/97,21.0625,21.125,20.875,21.125,79400.0,0
05/20/97,21.375,22.6875,21.375,22.6875,582000.0,0
05/21/97,22.6875,22.875,22.5625,22.625,613800.0,0
05/22/97,22.625,22.75,22.4375,22.5625,60400.0,0
05/23/97,22.75,23.4375,22.625,23.375,157400.0,0
05/27/97,23.125,23.3125,22.8125,23.25,190200.0,0
05/28/97,22.75,22.75,22.125,22.1875,153200.0,0
05/29/97,22.1875,22.1875,21.875,21.9375,135200.0,0
05/30/97,16.375,16.5,16.125,16.25,229900.0,0
06/02/97,16.625,16.75,16.25,16.375,167500.0,0
06/03/97,16.625,16.875,16.625,16.75,306200.0,0
06/04/97,16.75,16.875,16.625,16.625,136600.0,0
06/05/97,16.75,16.75,16.5,16.75,62500.0,0
06/06/97,16.625,17.125,16.5,17.125,153100.0,0
06/09/97,17.0,17.0,16.75,16.875,161600.0,0
06/10/97,16.75,16.875,16.5,16.6875,175100.0,0
06/11/97,16.5,16.5,16.125,16.25,178700.0,0
06/12/97,16.125,16.25,16.0,16.25,219900.0,0
06/13/97,16.25,16.375,16.125,16.375,138700.0,0
06/16/97,16.625,16.875,16.5,16.875,291700.0,0
06/17/97,16.75,17.25,16.75,17.0,236600.0,0
06/18/97,16.875,17.0,16.75,17.0,714400.0,0
06/19/97,17.625,18.25,17.5,18.25,837200.0,0
06/20/97,18.25,18.5,18.0,18.5,600200.0,0
06/23/97,18.25,18.25,18.0,18.25,1772300.0,0
06/24/97,18.4375,19.0,18.0625,19.0,1399400.0,0
06/25/97,18.75,18.875,18.625,18.875,1617100.0,0
06/26/97,18.8125,18.9375,18.625,18.9375,2076600.0,0
06/27/97,18.875,19.0,18.6875,19.0,833900.0,0
06/30/97,18.625,19.0,18.5625,19.0,783600.0,0
07/01/97,18.875,19.0,18.75,19.0,761200.0,0
07/02/97,18.875,18.9375,18.75,18.8125,708500.0,0
07/03/97,18.9375,19.5625,18.875,19.5625,389900.0,0
07/07/97,19.75,20.9375,19.625,20.375,645900.0,0
07/08/97,20.375,20.375,20.1875,20.3125,530800.0,0
07/09/97,20.3125,20.375,19.75,19.875,465300.0,0
07/10/97,19.6875,19.6875,19.375,19.625,294300.0,0
07/11/97,19.625,20.0,19.5,19.8125,113600.0,0
07/14/97,19.9375,20.125,19.8125,19.8125,196600.0,0
07/15/97,19.9375,20.0,19.6875,19.9375,164800.0,0
07/16/97,20.0,20.375,19.9375,20.375,167300.0,0
07/17/97,19.25,19.9375,19.125,19.875,816400.0,0
07/18/97,19.375,19.5,19.0625,19.25,431700.0,0
07/21/97,19.125,19.125,18.875,19.0,277800.0,0
07/22/97,19.1875,19.5625,19.1875,19.5625,282400.0,0
07/23/97,19.8125,19.875,19.4375,19.75,168600.0,0
07/24/97,19.375,19.75,18.875,19.125,350100.0,0
07/25/97,18.8125,18.875,18.5625,18.75,248400.0,0
07/28/97,18.4375,18.5,18.1875,18.5,606400.0,0
07/29/97,18.5,18.625,18.375,18.5625,137300.0,0
07/30/97,18.5625,18.6875,18.5625,18.6875,645200.0,0
07/31/97,18.5625,18.5625,18.0,18.25,615700.0,0
08/01/97,17.9375,18.0,17.5625,17.6875,183200.0,0
08/04/97,17.9375,18.3125,17.9375,18.3125,140600.0,0
08/05/97,18.5625,18.8125,18.375,18.75,137266.0,0
08/06/97,18.8125,19.25,18.5625,19.125,242800.0,0
08/07/97,19.0,19.25,18.8125,19.0625,218000.0,0
08/08/97,17.8125,18.375,17.6875,18.375,363100.0,0
08/11/97,18.25,18.25,17.75,18.0625,172800.0,0
08/12/97,17.6875,17.875,17.5,17.5625,479200.0,0
08/13/97,17.5625,17.5625,17.0,17.125,297200.0,0
08/14/97,16.875,17.25,16.8125,17.1875,294000.0,0
08/15/97,17.0625,17.0625,16.625,16.6875,295900.0,0
08/18/97,16.5625,16.875,16.3125,16.8125,117000.0,0
08/19/97,16.75,16.9375,16.5,16.75,174700.0,0
08/20/97,16.625,17.0,16.5,16.875,226200.0,0
08/21/97,16.875,16.9375,16.25,16.375,152000.0,0
08/22/97,16.3125,16.5,16.125,16.4375,134300.0,0
08/25/97,16.125,16.1875,15.75,15.75,268400.0,0
08/26/97,16.0,16.375,16.0,16.3125,412100.0,0
08/27/97,16.625,16.75,16.375,16.75,292400.0,0
08/28/97,16.75,16.8125,16.1875,16.375,196800.0,0
08/29/97,16.125,16.1875,15.9375,16.0,157800.0,0
